{"n_layers": 3, "units_l0": 159, "dropout_l0": 0.08568485878870179, "units_l1": 112, "dropout_l1": 0.04634762381005189, "units_l2": 226, "dropout_l2": 0.24931925073102318, "optimizer": "adam", "lr": 0.00024853427595708993}