{"n_layers": 2, "units_l0": 245, "dropout_l0": 0.292797576724562, "units_l1": 166, "dropout_l1": 0.06240745617697461, "optimizer": "rmsprop", "lr": 0.0015930522616241021}